,City,Country,Cloudiness,Date,Humidity,Lat,Lng,Max Temp,Wind Speed
0,uvira,"Congo, The Democratic Republic of the",100,1579983502,94,-3.41,29.14,52.81,1.05
1,east london,South Africa,0,1579983502,85,-33.02,27.91,77.31,0.51
2,upington,South Africa,0,1579983502,21,-28.45,21.26,84.2,4.7
3,sao joao da barra,Brazil,100,1579983502,85,-21.64,-41.05,74.79,8.05
4,victoria,Seychelles,100,1579983319,95,22.29,114.16,62.01,1.01
5,kudahuvadhoo,Maldives,100,1579983502,76,2.67,72.89,81.81,14.79
6,tukrah,Libya,11,1579983502,65,32.53,20.58,53.46,9.4
7,bengkulu,Indonesia,78,1579983387,91,-3.8,102.27,73.62,3.11
8,escanaba,United States,100,1579983503,97,45.75,-87.06,37.0,5.37
9,petropavl,Kazakhstan,100,1579983224,91,54.88,69.16,11.66,17.78
10,provideniya,Russian Federation,0,1579983409,73,64.38,-173.3,-7.44,4.99
11,padang,Indonesia,91,1579983503,96,-0.95,100.35,69.39,2.24
12,chalus,"Iran, Islamic Republic of",0,1579983503,58,36.66,51.42,27.37,5.44
13,muros,Spain,14,1579983503,91,42.78,-9.06,52.0,3.0
14,bull savanna,Jamaica,41,1579983503,68,17.89,-77.59,75.25,4.92
15,dunedin,New Zealand,64,1579983306,67,-45.87,170.5,64.99,9.57
16,souillac,Mauritius,75,1579983417,83,-20.52,57.52,77.0,11.41
17,port alfred,South Africa,0,1579983503,97,-33.59,26.89,66.0,3.0
18,rikitea,French Polynesia,36,1579983504,77,-23.12,-134.97,78.76,14.61
19,hermanus,South Africa,29,1579983400,84,-34.42,19.23,66.0,5.01
20,kapaa,United States,89,1579983404,59,22.08,-159.32,72.0,1.99
21,lompoc,United States,1,1579983504,48,34.64,-120.46,72.0,3.36
22,hobart,Australia,76,1579983283,76,-42.88,147.33,64.0,1.48
23,luderitz,Namibia,0,1579983525,91,-26.65,15.16,66.15,15.19
24,ushuaia,Argentina,100,1579983525,57,-54.8,-68.3,47.46,14.94
25,tual,Indonesia,89,1579983525,68,-5.67,132.75,83.75,4.25
26,dingle,Ireland,2,1579983526,90,11.0,122.67,74.05,4.92
27,bambous virieux,Mauritius,75,1579983526,83,-20.34,57.76,77.0,11.41
28,opuwo,Namibia,61,1579983526,36,-18.06,13.84,72.57,6.8
29,komsomolskiy,Russian Federation,100,1579983485,72,40.43,71.72,41.31,6.62
30,aprilia,Italy,29,1579983526,88,41.59,12.65,53.01,11.63
31,avarua,Cook Islands,98,1579983526,85,-21.21,-159.78,80.29,14.81
32,mataura,French Polynesia,99,1579983526,80,-46.19,168.86,62.01,1.01
33,otradnoye,Russian Federation,0,1579983527,78,59.78,30.82,30.0,7.74
34,cape town,South Africa,75,1579983527,93,-33.93,18.42,68.0,10.29
35,jalu,Libya,15,1579983527,48,29.03,21.55,55.49,8.9
36,preeceville,Canada,100,1579983527,98,51.95,-102.67,27.93,4.85
37,hilo,United States,52,1579983527,86,19.73,-155.09,73.99,1.99
38,hofn,Iceland,100,1579983527,95,64.25,-15.21,35.69,4.03
39,port elizabeth,South Africa,20,1579983527,93,-33.92,25.57,66.2,4.7
40,lavrentiya,Russian Federation,0,1579983527,73,65.58,-171.0,-14.71,0.89
41,kodiak,United States,80,1579983527,81,57.79,-152.41,19.51,23.67
42,olinda,Brazil,86,1579983457,77,-8.01,-34.86,81.82,6.35
43,slave lake,Canada,0,1579983528,85,55.28,-114.77,29.66,1.52
44,khandyga,Russian Federation,37,1579983528,98,62.67,135.6,-48.6,0.16
45,college,United States,100,1579983417,68,64.86,-147.8,-5.01,4.0
46,lebu,Chile,0,1579983528,44,-37.62,-73.65,72.59,13.06
47,mar del plata,Argentina,0,1579983415,63,-38.0,-57.56,70.84,14.79
48,vaini,Tonga,46,1579983528,86,-21.2,-175.2,78.4,21.07
49,makakilo city,United States,12,1579983528,61,21.35,-158.09,78.01,5.99
50,sakakah,Saudi Arabia,18,1579983528,75,29.97,40.21,40.82,8.95
51,chuy,Uruguay,45,1579983528,69,-33.7,-53.46,76.3,7.72
52,jamestown,"Saint Helena, Ascension and Tristan da Cunha",0,1579983529,62,-33.21,138.6,63.54,2.64
53,bredasdorp,South Africa,0,1579983529,72,-34.53,20.04,66.2,9.17
54,sabha,Jordan,99,1579983529,20,27.04,14.43,60.21,8.86
55,namibe,Angola,0,1579983529,78,-15.2,12.15,75.16,12.1
56,puerto ayora,Ecuador,96,1579983404,66,-0.74,-90.35,80.01,5.99
57,valparaiso,Chile,0,1579983431,51,-33.04,-71.63,71.53,8.61
58,the valley,Anguilla,1,1579983529,78,18.22,-63.06,82.0,7.45
59,georgetown,"Saint Helena, Ascension and Tristan da Cunha",99,1579983390,77,6.8,-58.16,79.68,13.6
60,mahebourg,Mauritius,75,1579983529,83,-20.41,57.7,77.0,11.41
61,castro,Chile,0,1579983525,53,-24.79,-50.01,77.29,0.98
62,ambovombe,Madagascar,0,1579983530,82,-25.17,46.08,68.16,8.86
63,thompson,Canada,100,1579983530,91,55.74,-97.86,21.2,1.25
64,new norfolk,Australia,77,1579983530,66,-42.78,147.06,64.99,1.99
65,narsaq,Greenland,75,1579983397,66,60.92,-46.05,15.8,5.82
66,fiumicino,Italy,10,1579983530,83,41.77,12.23,53.01,5.68
67,adrar,Algeria,67,1579983530,27,20.5,-10.07,80.53,7.34
68,faanui,French Polynesia,0,1579983530,77,-16.48,-151.75,82.13,12.93
69,menongue,Angola,99,1579983530,88,-14.66,17.69,65.17,2.62
70,punta arenas,Chile,0,1579983462,44,-53.15,-70.92,59.0,32.01
71,santa cruz de la palma,Spain,0,1579983552,51,28.68,-17.76,61.0,4.34
72,mogadishu,Somalia,100,1579983552,84,2.04,45.34,81.32,23.24
73,samarai,Papua New Guinea,47,1579983552,84,-10.62,150.67,77.5,3.22
74,boa vista,Brazil,91,1579983552,29,2.82,-60.67,97.09,4.7
75,butaritari,Kiribati,3,1579983552,72,3.07,172.79,84.85,9.51
76,yellowknife,Canada,100,1579983552,84,62.46,-114.35,10.0,4.0
77,albany,Australia,90,1579983358,98,42.6,-73.97,42.01,4.7
78,eydhafushi,Maldives,100,1579983552,72,5.1,73.07,81.82,9.08
79,oxbow,Canada,100,1579983553,96,49.23,-102.17,28.0,3.0
80,atuona,French Polynesia,61,1579983553,77,-9.8,-139.03,80.87,15.77
81,cuamba,Mozambique,19,1579983553,95,-14.8,36.54,66.9,2.62
82,bluff,New Zealand,66,1579983553,80,-46.6,168.33,62.01,1.01
83,maceio,Brazil,100,1579983457,84,-9.67,-35.74,81.54,12.86
84,jacksonville,United States,1,1579983462,39,30.33,-81.66,66.99,9.17
85,maningrida,Australia,60,1579983553,79,-12.07,134.27,84.38,14.52
86,xining,China,0,1579983553,77,36.62,101.77,12.07,4.83
87,richards bay,South Africa,4,1579983554,82,-28.78,32.04,77.0,25.5
88,latung,Philippines,21,1579983575,78,5.5,120.88,81.91,4.79
89,quime,"Bolivia, Plurinational State of",26,1579983575,64,-16.98,-67.22,65.89,9.13
90,gwembe,Zambia,0,1579983575,92,-16.5,27.61,64.96,2.59
91,quatre cocos,Mauritius,75,1579983575,83,-20.21,57.76,77.0,11.41
92,madang,Papua New Guinea,49,1579983575,80,-5.22,145.8,82.51,7.07
93,khatanga,Russian Federation,70,1579983575,90,71.97,102.5,-23.35,3.02
94,saskylakh,Russian Federation,100,1579983575,91,71.92,114.08,-16.85,19.26
95,ugoofaaru,Maldives,100,1579983576,68,5.67,73.0,82.31,8.21
96,airai,Palau,100,1579983415,93,-8.93,125.41,68.27,1.21
97,marzuq,Libya,28,1579983597,80,14.4,46.47,65.62,1.21
98,ostrovnoy,Russian Federation,43,1579983597,99,68.05,39.51,2.89,5.53
99,geraldton,Australia,0,1579983403,80,-28.77,114.6,72.46,19.3
100,nikolskoye,Russian Federation,0,1579983410,78,59.7,30.79,30.0,7.83
101,tiznit,Morocco,28,1579983597,90,29.58,-9.5,48.69,7.25
102,aiken,United States,27,1579983538,61,33.58,-81.6,55.99,4.0
103,ridgecrest,United States,100,1579983332,37,35.62,-117.67,64.0,1.99
104,yar-sale,Russian Federation,94,1579983598,97,66.83,70.83,-1.37,5.44
105,lasa,China,100,1579983598,69,46.62,10.7,33.8,2.24
106,cherskiy,Russian Federation,100,1579983413,97,68.75,161.3,-23.39,2.71
107,bathsheba,Barbados,100,1579983435,75,13.22,-59.52,79.21,9.98
108,srednekolymsk,Russian Federation,100,1579983598,97,67.45,153.68,-27.18,5.3
109,guerrero negro,Mexico,0,1579983598,43,27.98,-114.06,71.26,4.36
110,cayenne,French Guiana,62,1579983599,87,4.93,-52.33,78.08,6.93
111,mandera,Kenya,100,1579983620,37,3.94,41.87,90.43,7.52
112,hirara,Japan,100,1579983620,87,24.8,125.28,72.82,10.83
113,susangerd,"Iran, Islamic Republic of",100,1579983620,74,31.56,48.19,50.4,10.56
114,constitucion,Mexico,0,1579983620,49,-35.33,-72.42,70.61,11.36
115,cukai,Malaysia,6,1579983620,10,4.25,103.42,75.0,1.01
116,cidreira,Brazil,67,1579983620,66,-30.18,-50.21,76.32,9.4
117,nagato,Japan,100,1579983620,90,34.38,131.2,45.0,1.99
118,nuuk,Greenland,40,1579983621,66,64.18,-51.72,14.0,11.41
119,naze,Japan,100,1579983621,85,28.37,129.48,69.26,7.61
120,deputatskiy,Russian Federation,59,1579983621,100,69.3,139.9,-40.74,0.94
121,shetpe,Kazakhstan,100,1579983621,76,44.17,52.12,34.07,12.33
122,chokurdakh,Russian Federation,82,1579983621,86,70.63,147.92,-31.25,3.15
123,meulaboh,Indonesia,46,1579983621,76,4.14,96.13,82.11,3.85
124,puerto ayacucho,"Venezuela, Bolivarian Republic of",53,1579983621,46,5.66,-67.63,91.72,2.64
125,ampanihy,Madagascar,0,1579983425,65,-24.7,44.75,73.0,12.03
126,iqaluit,Canada,13,1579983621,67,63.75,-68.51,-27.0,8.99
127,busselton,Australia,1,1579983622,60,-33.65,115.33,64.99,9.6
128,naica,Mexico,69,1579983622,23,27.85,-105.48,70.02,8.9
129,barrow,United States,1,1579983557,74,71.29,-156.79,-22.0,8.05
130,clyde river,Canada,56,1579983622,76,70.47,-68.59,-20.76,4.47
131,porosozero,Russian Federation,97,1579983622,90,62.72,32.73,16.92,7.36
132,san cristobal,Ecuador,100,1579983585,96,7.77,-72.22,60.35,2.06
133,tasiilaq,Greenland,100,1579983622,68,65.61,-37.64,24.8,10.29
134,touros,Brazil,88,1579983613,82,-5.2,-35.46,82.62,18.68
135,paraiso,Mexico,23,1579983622,56,9.84,-83.87,77.0,5.84
136,prince rupert,Canada,95,1579983623,83,54.32,-130.32,44.31,17.94
137,kristiinankaupunki,Finland,100,1579983623,87,62.27,21.38,31.84,8.01
138,suruc,Turkey,0,1579983623,53,36.98,38.42,35.76,4.94
139,fivizzano,Italy,90,1579983623,100,44.24,10.13,52.0,2.24
140,bonthe,Sierra Leone,0,1579983623,86,7.53,-12.51,78.1,8.41
141,tuktoyaktuk,Canada,100,1579983403,96,69.45,-133.04,-14.19,21.0
142,svetlyy,Russian Federation,86,1579983623,86,54.67,20.13,39.94,15.99
143,kirakira,Solomon Islands,0,1579983623,78,-10.45,161.92,80.76,3.11
144,dikson,Russian Federation,100,1579983623,97,73.51,80.55,-8.45,8.05
145,udachnyy,Russian Federation,79,1579983623,96,66.42,112.4,-23.08,9.78
146,kashi,China,10,1579983624,82,39.45,75.98,17.67,0.65
147,puqi,China,100,1579983624,95,29.72,113.88,40.05,3.67
148,qaanaaq,Greenland,0,1579983403,46,77.48,-69.36,-13.38,4.99
149,launceston,Australia,100,1579983461,97,-41.45,147.17,61.0,10.0
150,bireun,Indonesia,23,1579983624,93,5.2,96.7,67.82,2.13
151,yamethin,Myanmar,0,1579983624,66,20.43,96.15,52.81,1.45
152,niquero,Cuba,10,1579983624,47,20.04,-77.58,77.99,5.3
153,ulladulla,Australia,59,1579983624,96,-35.35,150.47,73.99,1.48
154,bagdarin,Russian Federation,0,1579983624,86,54.43,113.6,-2.96,0.92
155,alta floresta,Brazil,100,1579983624,94,-9.88,-56.09,79.2,4.97
156,gombong,Indonesia,27,1579983625,91,-7.61,109.51,74.75,0.87
157,vitim,Russian Federation,97,1579983625,95,59.45,112.56,15.53,6.38
158,esperance,Australia,74,1579983408,85,-33.87,121.9,65.34,4.59
159,mehamn,Norway,100,1579983625,64,71.04,27.85,20.37,25.68
160,camargo,"Bolivia, Plurinational State of",100,1579983625,25,27.69,-105.17,68.67,9.31
161,hithadhoo,Maldives,100,1579983625,80,-0.6,73.08,82.6,15.23
162,kruisfontein,South Africa,0,1579983625,90,-34.0,24.73,67.35,5.73
163,mackay,Australia,100,1579983625,88,-21.15,149.2,77.0,2.39
164,vangaindrano,Madagascar,79,1579983626,92,-23.35,47.6,68.45,3.22
165,sao lourenco do oeste,Brazil,5,1579983626,45,-26.36,-52.85,84.99,3.36
166,dafeng,China,84,1579983626,87,23.45,108.59,43.88,5.99
167,sitka,United States,100,1579983626,97,57.05,-135.33,33.67,6.02
168,kahului,United States,6,1579983626,71,20.89,-156.47,75.99,8.99
169,carnarvon,Australia,0,1579983626,64,-24.87,113.63,78.64,19.28
170,pringsewu,Indonesia,66,1579983626,89,-5.36,104.97,71.78,0.76
171,ribeira grande,Portugal,100,1579983411,78,38.52,-28.7,54.05,5.77
172,gat,Libya,0,1579983435,25,31.61,34.76,48.0,2.3
173,hamilton,Bermuda,90,1579983627,93,39.18,-84.53,36.0,6.93
174,haines junction,Canada,99,1579983627,99,60.75,-137.51,-14.37,6.87
175,juruti,Brazil,100,1579983627,53,-2.15,-56.09,91.51,1.79
176,iracoubo,French Guiana,56,1579983627,82,5.48,-53.2,80.01,18.14
177,kiyasovo,Russian Federation,68,1579983627,93,56.35,53.12,25.0,6.06
178,banepa,Nepal,11,1579983627,92,27.63,85.52,40.55,2.71
179,kaliua,"Tanzania, United Republic of",99,1579983627,85,-5.06,31.79,68.32,1.48
180,saldanha,South Africa,33,1579983627,72,-33.01,17.94,68.0,5.82
181,ponta do sol,Cabo Verde,32,1579983628,81,32.67,-17.1,57.0,8.01
182,saint-philippe,Réunion,90,1579983628,88,-21.36,55.77,77.0,3.36
183,arua,Uganda,100,1579983421,28,3.02,30.91,79.65,8.01
184,kaitangata,New Zealand,91,1579983628,68,-46.28,169.85,64.99,6.85
185,contamana,Peru,84,1579983628,45,-7.33,-75.02,92.52,2.84
186,port augusta,Australia,0,1579983628,78,-32.5,137.77,57.99,4.99
187,luoyang,China,100,1579983425,87,34.68,112.45,35.82,2.93
188,kem,Russian Federation,63,1579983628,93,64.96,34.58,5.86,9.33
189,minsk,Belarus,25,1579983420,89,53.9,27.57,32.76,11.05
190,umm kaddadah,Sudan,0,1579983629,22,13.6,26.69,57.07,16.26
191,aripuana,Brazil,100,1579983629,77,-9.17,-60.63,85.32,3.22
192,axim,Ghana,94,1579983365,77,4.87,-2.24,78.67,4.29
193,tateyama,Japan,100,1579983413,91,34.98,139.87,41.0,3.0
194,poum,New Caledonia,77,1579983629,80,-20.23,164.02,79.65,20.02
195,akureyri,Iceland,90,1579983629,92,65.68,-18.09,30.2,5.82
196,klaksvik,Faroe Islands,100,1579983629,83,62.23,-6.59,46.06,20.8
197,sorland,Norway,100,1579983629,70,67.67,12.69,37.0,18.23
198,thinadhoo,Maldives,100,1579983630,81,0.53,72.93,82.22,14.07
199,verkhnevilyuysk,Russian Federation,85,1579983630,96,63.45,120.32,-24.52,6.71
200,lorengau,Papua New Guinea,3,1579983630,73,-2.02,147.27,82.83,5.3
201,coihaique,Chile,0,1579983609,63,-45.58,-72.07,60.19,14.9
202,ayorou,Niger,100,1579983651,8,14.73,0.92,75.96,9.1
203,sitia,Greece,78,1579983651,75,35.2,26.1,50.0,1.99
204,birjand,"Iran, Islamic Republic of",4,1579983652,79,32.86,59.22,35.47,5.44
205,akyab,Myanmar,0,1579983652,66,20.15,92.9,59.63,7.56
206,raudeberg,Norway,100,1579983652,92,61.99,5.14,46.0,40.56
207,asfi,Morocco,55,1579983652,88,32.3,-9.24,52.47,3.83
208,krasnoselkup,Russian Federation,93,1579983652,100,65.7,82.47,-4.29,6.91
209,honiara,Solomon Islands,0,1579983652,70,-9.43,159.95,78.46,1.7
210,lekoni,Gabon,100,1579983652,42,-1.58,14.26,84.49,0.85
211,saint-augustin,Canada,34,1579983652,77,51.23,-58.65,16.25,12.59
212,katobu,Indonesia,78,1579983653,91,-4.94,122.53,75.97,2.44
213,upernavik,Greenland,57,1579983403,96,72.79,-56.15,-15.52,8.12
214,ballina,Ireland,0,1579983361,99,-28.87,153.57,73.0,5.5
215,buala,Solomon Islands,6,1579983674,78,-8.14,159.59,80.46,4.94
216,dzhebariki-khaya,Russian Federation,23,1579983674,98,62.22,135.8,-48.91,0.36
217,tiksi,Russian Federation,0,1579983401,70,71.69,128.87,-26.79,6.35
218,sarh,Chad,98,1579983674,11,9.14,18.39,68.99,4.65
219,yerbogachen,Russian Federation,100,1579983675,94,61.28,108.01,21.65,11.99
220,matelica,Italy,0,1579983675,92,43.25,13.01,48.99,4.14
221,dakar,Senegal,34,1579983559,69,14.69,-17.44,73.85,24.74
222,zambezi,Zambia,72,1579983675,90,-13.54,23.1,67.95,4.43
223,obo,Central African Republic,76,1579983675,25,5.4,26.49,71.56,6.2
224,hasaki,Japan,100,1579983424,84,35.73,140.83,39.0,16.35
225,kupang,Indonesia,69,1579983675,77,-10.17,123.58,83.17,4.54
226,floriano,Brazil,96,1579983425,71,-6.77,-43.02,82.85,3.31
227,visegrad,Bosnia and Herzegovina,61,1579983542,89,43.78,19.3,35.15,3.78
228,pedernales,Dominican Republic,84,1579983676,78,18.04,-71.74,73.4,3.96
229,talnakh,Russian Federation,100,1579983408,95,69.49,88.4,2.75,7.27
230,port blair,India,100,1579983669,69,11.67,92.75,78.12,11.65
231,yumbing,Philippines,0,1579983676,82,9.24,124.66,80.46,8.46
232,boueni,Mayotte,100,1579983676,88,-12.9,45.08,78.8,6.93
233,lagoa,Portugal,100,1579983676,68,39.05,-27.98,58.48,9.48
234,dutlwe,Botswana,99,1579983676,65,-23.98,23.9,72.99,7.67
235,caraquet,Canada,28,1579983676,85,47.79,-64.94,25.0,2.39
236,ashland,United States,100,1579983676,96,40.82,-82.27,39.99,13.11
237,yanam,India,79,1579983677,94,16.73,82.22,67.71,0.94
238,dudinka,Russian Federation,99,1579983677,95,69.41,86.18,6.39,9.22
239,kalofer,Bulgaria,0,1579983677,69,42.62,24.98,36.0,1.34
240,yumen,China,0,1579983677,69,40.28,97.2,13.5,4.59
241,broome,Australia,100,1579983677,100,42.25,-75.83,39.0,0.83
242,ilulissat,Greenland,40,1579983677,50,69.22,-51.1,8.6,5.82
243,duku,Nigeria,4,1579983677,8,11.24,4.91,76.51,10.33
244,norman wells,Canada,100,1579983677,92,65.28,-126.83,-18.09,9.44
245,paris,United States,77,1579983454,89,48.85,2.35,41.0,4.72
246,ancud,Chile,100,1579983677,94,-41.87,-73.82,60.33,8.79
247,port lincoln,Australia,39,1579983678,85,-34.73,135.87,64.17,4.7
248,assiniboia,Canada,63,1579983479,90,49.63,-105.98,32.52,14.09
249,oranjemund,Namibia,70,1579983678,83,-28.55,16.43,67.05,10.69
250,belaya gora,Russian Federation,100,1579983423,91,68.53,146.42,-31.43,3.02
251,amazar,Russian Federation,0,1579983678,92,53.86,120.88,-15.09,2.04
252,machinga,Malawi,0,1579983678,96,-15.17,35.3,68.0,2.66
253,chapais,Canada,100,1579983412,95,49.78,-74.85,27.36,6.6
254,wanaka,New Zealand,86,1579983678,73,-44.7,169.15,64.99,4.81
255,havre-saint-pierre,Canada,100,1579983678,80,50.23,-63.6,23.56,9.01
256,kalmunai,Sri Lanka,100,1579983679,73,7.42,81.82,79.84,16.11
257,cap malheureux,Mauritius,75,1579983679,83,-19.98,57.61,77.0,11.41
258,nanortalik,Greenland,100,1579983679,81,60.14,-45.24,22.53,16.15
259,north platte,United States,0,1579983548,45,41.12,-100.77,54.0,4.0
260,burnie,Australia,97,1579983679,99,-41.07,145.92,62.01,8.99
261,mehran,"Iran, Islamic Republic of",0,1579983679,87,33.12,46.17,46.27,9.75
262,seymchan,Russian Federation,100,1579983700,96,62.88,152.43,-27.29,8.3
263,evensk,Russian Federation,100,1579983699,85,61.95,159.23,13.87,15.7
264,lahuachaca,"Bolivia, Plurinational State of",47,1579983701,24,-17.38,-67.67,65.16,16.75
265,maniitsoq,Greenland,100,1579983424,89,65.42,-52.9,13.84,4.52
266,businga,"Congo, The Democratic Republic of the",90,1579983701,33,3.34,20.89,69.3,0.89
267,port hardy,Canada,28,1579983701,80,50.7,-127.42,46.76,4.59
268,kavieng,Papua New Guinea,92,1579983413,72,-2.57,150.8,83.55,8.93
269,baykit,Russian Federation,100,1579983701,88,61.67,96.37,24.39,14.09
270,los llanos de aridane,Spain,0,1579983668,79,28.66,-17.92,62.01,4.34
271,yarada,India,2,1579983701,69,17.65,83.27,77.63,7.81
272,grand gaube,Mauritius,75,1579983701,83,-20.01,57.66,77.0,11.41
273,bourail,New Caledonia,77,1579983702,70,-21.57,165.48,77.88,4.52
274,hobyo,Somalia,98,1579983438,79,5.35,48.53,78.6,17.72
275,presidencia roque saenz pena,Argentina,0,1579983702,28,-26.79,-60.44,92.97,2.46
276,juan lacaze,Uruguay,0,1579983702,49,-34.43,-57.44,88.0,15.7
277,mount isa,Australia,100,1579983702,90,-20.73,139.5,74.84,12.5
278,margate,South Africa,100,1579983702,93,51.38,1.39,43.0,5.01
279,husavik,Iceland,90,1579983661,92,66.04,-17.34,30.2,5.82
280,mujiayingzi,China,0,1579983702,64,42.12,118.78,17.01,2.84
281,moses lake,United States,94,1579983703,98,47.13,-119.28,51.01,1.01
282,laguna,Brazil,47,1579983703,87,38.42,-121.42,64.0,1.99
283,sao filipe,Cabo Verde,38,1579983703,52,14.9,-24.5,75.87,16.08
284,locri,Italy,98,1579983703,81,38.24,16.26,59.0,7.0
285,nome,United States,0,1579983621,71,64.5,-165.41,-9.62,7.07
286,isangel,Vanuatu,33,1579983438,82,-19.55,169.27,77.67,15.01
287,asyut,Egypt,0,1579983703,52,27.18,31.18,45.21,8.01
288,ladario,Brazil,44,1579983703,45,-19.0,-57.6,91.51,4.18
289,qom,"Iran, Islamic Republic of",0,1579983703,60,34.64,50.88,37.02,6.64
290,sussex,Canada,90,1579983725,86,41.18,-74.67,48.0,10.29
291,severo-kurilsk,Russian Federation,100,1579983725,91,50.68,156.12,17.74,42.77
292,nantucket,United States,90,1579983725,76,41.28,-70.1,48.2,11.41
293,flinders,Australia,41,1579983438,22,-34.58,150.86,78.01,5.01
294,cabo san lucas,Mexico,31,1579983725,79,22.89,-109.91,73.0,5.01
295,skibbereen,Ireland,100,1579983725,89,51.55,-9.27,49.64,24.34
296,oussouye,Senegal,100,1579983725,53,12.48,-16.55,73.94,6.02
297,riyadh,Saudi Arabia,0,1579983678,26,24.69,46.72,47.1,13.96
298,karratha,Australia,0,1579983726,75,-20.74,116.85,84.7,7.47
299,sosnovo-ozerskoye,Russian Federation,51,1579983726,86,52.52,111.54,-1.46,1.66
300,san pedro,Belize,67,1579983726,88,14.35,121.02,77.0,1.01
301,correntina,Brazil,100,1579983726,79,-13.34,-44.64,76.53,3.18
302,batagay,Russian Federation,2,1579983726,95,67.63,134.63,-42.9,1.99
303,torbay,Canada,0,1579983682,69,47.67,-52.73,24.01,1.01
304,mundo nuevo,Mexico,42,1579983726,74,18.7,-95.5,78.42,6.98
305,portland,Australia,75,1579983726,79,45.52,-122.68,57.99,3.0
306,amga,Russian Federation,6,1579983727,98,60.9,131.96,-41.3,0.98
307,tocopilla,Chile,52,1579983727,58,-22.09,-70.2,69.96,10.07
308,pangody,Russian Federation,83,1579983727,97,65.85,74.49,-2.06,3.71
309,wicklow,Ireland,100,1579983727,90,53.0,-6.42,46.99,1.99
310,varhaug,Norway,100,1579983727,97,58.61,5.65,44.01,13.8
311,codrington,Antigua and Barbuda,85,1579983727,93,-38.27,141.97,61.86,13.47
312,price,United States,19,1579983660,94,39.6,-110.81,45.0,1.01
313,saint george,United States,1,1579983581,46,37.1,-113.58,59.0,1.01
314,okahandja,Namibia,0,1579983728,22,-21.98,16.92,75.0,6.8
315,shahreza,"Iran, Islamic Republic of",92,1579983728,69,32.01,51.87,29.37,3.31
316,bosaso,Somalia,2,1579983728,76,11.28,49.18,76.77,4.14
317,bubaque,Guinea-Bissau,99,1579983728,66,11.28,-15.83,79.34,15.88
318,omboue,Gabon,20,1579983728,92,-1.57,9.26,76.93,3.91
319,mangochi,Malawi,25,1579983728,93,-14.48,35.26,66.79,2.91
320,santa isabel do rio negro,Brazil,99,1579983571,76,-0.41,-65.02,85.73,1.39
321,moskovskiy,Tajikistan,90,1579983729,58,55.6,37.35,34.0,5.99
322,ambulu,Indonesia,72,1579983729,71,-8.35,113.61,83.17,7.4
323,kapuskasing,Canada,100,1579983729,99,49.42,-82.43,31.64,4.34
324,arraial do cabo,Brazil,0,1579983729,85,-22.97,-42.03,75.97,11.48
325,gornyy,Russian Federation,100,1579983729,91,55.12,83.91,17.69,14.9
326,camacha,Portugal,24,1579983729,93,33.08,-16.33,46.0,6.11
327,mae sot,Thailand,82,1579983729,44,16.72,98.57,58.64,2.8
328,mareeba,Australia,99,1579983730,94,-17.0,145.43,78.01,2.13
329,ibanda,Uganda,75,1579983730,64,-2.8,32.47,75.2,5.82
330,agadir,Morocco,56,1579983730,74,30.42,-9.6,51.96,6.78
331,saint john,Canada,88,1579983730,87,45.27,-66.07,30.99,3.18
332,kusa,Russian Federation,64,1579983730,92,55.34,59.44,9.68,4.92
333,den helder,Netherlands,55,1579983730,97,52.96,4.76,37.99,4.0
334,ahipara,New Zealand,86,1579983453,100,-35.17,173.17,70.0,1.01
335,matay,Egypt,0,1579983730,49,28.42,30.78,46.72,7.34
336,talcahuano,Chile,0,1579983731,67,-36.72,-73.12,65.07,16.71
337,lushoto,"Tanzania, United Republic of",100,1579983731,93,-4.8,38.29,70.12,1.63
338,rongcheng,China,100,1579983731,98,30.63,117.85,37.8,3.71
339,korla,China,0,1579983437,46,41.76,86.15,14.36,5.73
340,vao,New Caledonia,40,1579983731,79,-22.67,167.48,77.76,20.29
341,kalemie,"Congo, The Democratic Republic of the",85,1579983731,95,-5.95,29.2,65.25,1.1
342,tchamba,Togo,0,1579983731,9,9.03,1.42,73.38,5.7
343,buarcos,Portugal,0,1579983732,86,40.17,-8.88,53.01,7.16
344,vardo,Norway,100,1579983732,68,70.37,31.11,25.16,34.69
345,pangnirtung,Canada,100,1579983732,99,66.15,-65.71,-36.72,2.37
346,beringovskiy,Russian Federation,100,1579983732,85,63.05,179.32,14.45,10.78
347,bethel,United States,100,1579983732,97,41.37,-73.41,51.01,7.0
348,inhambane,Mozambique,100,1579983732,74,-23.86,35.38,78.8,9.17
349,pevek,Russian Federation,100,1579983732,96,69.7,170.31,-16.02,3.6
350,sobolevo,Russian Federation,99,1579983732,87,54.43,31.9,31.32,10.8
351,taksimo,Russian Federation,99,1579983733,98,56.34,114.88,-14.33,0.51
352,salalah,Oman,56,1579983675,83,17.02,54.09,73.0,5.84
353,pocoes,Brazil,100,1579983754,92,-14.53,-40.37,69.55,2.01
354,issia,Côte d'Ivoire,0,1579983754,17,6.49,-6.59,75.79,2.01
355,mpulungu,Zambia,30,1579983754,94,-8.76,31.11,62.78,1.79
356,mackenzie,Canada,100,1579983754,93,55.3,-123.17,29.59,7.94
357,pakokku,Myanmar,0,1579983754,49,21.33,95.1,56.91,3.18
358,bonavista,Canada,0,1579983754,76,48.65,-53.11,21.0,5.01
359,kumluca,Turkey,0,1579983755,75,36.37,30.29,42.15,1.81
360,yatou,China,100,1579983755,74,37.15,122.38,37.54,15.26
361,vila,Vanuatu,0,1579983755,83,42.03,-8.16,52.0,2.51
362,abu samrah,Qatar,0,1579983755,61,35.3,37.18,40.15,9.04
363,gold coast,Australia,0,1579983755,90,-28.0,153.43,78.01,1.01
364,itaituba,Brazil,100,1579983755,93,-4.28,-55.98,77.85,6.6
365,griffith,Australia,90,1579983544,96,41.53,-87.42,35.01,18.34
366,tessalit,Mali,100,1579983755,11,20.2,1.01,76.96,10.47
367,palana,Russian Federation,100,1579983755,72,59.12,159.97,26.53,22.06
368,pemangkat,Indonesia,100,1579983756,91,1.17,108.97,77.25,3.89
369,joshimath,India,23,1579983756,51,30.57,79.57,26.02,9.42
370,port macquarie,Australia,0,1579983756,91,-31.43,152.92,75.99,3.0
371,mapiripan,Colombia,69,1579983756,40,2.89,-72.13,93.56,7.47
372,sangueya,Guinea,12,1579983756,82,10.7,-14.37,74.52,4.97
373,manono,"Congo, The Democratic Republic of the",100,1579983756,91,-7.3,27.4,71.06,0.63
374,dasoguz,Turkmenistan,1,1579983756,59,41.84,59.97,24.57,8.61
375,shelabolikha,Russian Federation,100,1579983756,89,53.41,82.62,16.36,9.78
376,alofi,Niue,100,1579983756,82,-19.06,-169.92,80.69,7.4
377,nisia floresta,Brazil,77,1579983756,82,-6.09,-35.21,82.2,12.37
378,qaqortoq,Greenland,75,1579983757,66,60.72,-46.03,15.8,5.82
379,byron bay,Australia,8,1579983757,99,-28.65,153.62,73.99,1.32
380,necochea,Argentina,0,1579983757,71,-38.55,-58.74,75.99,8.01
381,sumbe,Angola,100,1579983757,83,-11.21,13.84,76.55,4.94
382,half moon bay,United States,75,1579983566,87,37.46,-122.43,66.0,5.82
383,villa carlos paz,Argentina,62,1579983757,25,-31.42,-64.5,99.0,5.01
384,haimen,China,100,1579983757,91,23.19,116.61,61.74,16.33
385,akom,Cameroon,48,1579983757,29,2.67,12.71,68.9,0.89
386,avera,French Polynesia,1,1579983757,47,33.19,-82.53,55.4,11.41
387,kutum,Sudan,0,1579983758,28,14.2,24.67,47.41,7.58
388,miami,United States,40,1579983523,60,25.77,-80.19,79.0,8.05
389,banda aceh,Indonesia,95,1579983758,85,5.56,95.32,71.76,3.36
390,kavaratti,India,77,1579983758,66,10.57,72.64,81.25,3.42
391,culebra,United States,0,1579983758,79,18.3,-65.3,81.0,4.0
392,vanderhoof,Canada,100,1579983758,92,54.02,-124.02,33.44,4.36
393,grindavik,Iceland,75,1579983758,80,63.84,-22.43,35.6,14.99
394,loandjili,Congo,20,1579983758,83,-4.76,11.86,84.2,4.7
395,vestmannaeyjar,Iceland,74,1579983758,57,63.44,-20.27,41.54,12.8
396,gizo,Solomon Islands,8,1579983759,77,-8.1,156.84,79.29,6.17
397,ubatuba,Brazil,76,1579983759,73,-23.43,-45.07,75.4,4.07
398,maturin,"Venezuela, Bolivarian Republic of",100,1579983759,60,9.75,-63.18,85.19,6.2
399,longyearbyen,Svalbard and Jan Mayen,0,1579983772,58,78.22,15.64,-11.52,2.73
400,fenoarivo,Madagascar,75,1579983780,88,-18.93,47.44,64.4,6.93
401,malumfashi,Nigeria,15,1579983780,17,11.79,7.62,64.85,11.79
402,cintalapa,Mexico,14,1579983780,48,16.7,-93.73,81.25,6.02
403,sur,Oman,7,1579983780,80,22.57,59.53,68.45,2.59
404,mitu,Colombia,100,1579983781,47,1.2,-70.17,92.46,3.06
405,pokrovskoye,Russian Federation,87,1579983781,68,47.42,38.9,36.86,10.98
406,wroclaw,Poland,100,1579983781,89,51.1,17.03,33.01,3.09
407,la ronge,Canada,100,1579983781,95,55.1,-105.28,26.37,4.85
408,paita,Peru,66,1579983781,50,-5.09,-81.11,86.56,19.06
409,urumqi,China,50,1579983781,91,43.8,87.6,8.92,3.83
410,jiayuguan,China,0,1579983781,55,39.82,98.3,20.62,9.73
411,mayo,Canada,90,1579983781,81,38.89,-76.51,52.0,11.41
412,grafton,Australia,90,1579983803,93,42.21,-71.69,45.0,9.17
413,puerto carreno,Colombia,100,1579983803,28,6.19,-67.49,95.77,8.7
414,yingcheng,China,100,1579983803,90,30.95,113.55,35.71,17.69
415,lahij,Yemen,100,1579983803,81,13.17,44.58,74.93,6.33
416,mocuba,Mozambique,0,1579983824,96,-16.84,36.99,70.74,1.01
417,koslan,Russian Federation,100,1579983824,96,63.46,48.9,-0.08,5.03
418,terre haute,United States,90,1579983824,80,39.47,-87.41,35.01,16.11
419,leningradskiy,Russian Federation,96,1579983824,95,69.38,178.42,-12.96,4.41
420,noumea,New Caledonia,65,1579983700,94,-22.28,166.46,78.01,20.65
421,mul,India,20,1579983825,66,20.07,79.67,67.21,4.12
422,hoopstad,South Africa,43,1579983825,60,-27.83,25.91,69.46,8.88
423,mentakab,Malaysia,77,1579983825,95,3.49,102.35,70.74,0.38
424,pombia,Greece,75,1579983825,77,45.65,8.63,44.01,1.12
425,okhotsk,Russian Federation,41,1579983825,68,59.38,143.3,-22.9,14.58
426,luanda,Angola,40,1579983615,74,-8.84,13.23,82.4,10.29
427,coquimbo,Chile,7,1579983825,85,-29.95,-71.34,63.82,8.66
428,huarmey,Peru,98,1579983825,57,-10.07,-78.15,78.96,4.0
429,bella union,Uruguay,0,1579983826,29,-30.28,-57.6,93.87,8.25
430,rawson,Argentina,0,1579983826,56,-43.3,-65.1,67.98,20.38
431,mongomo,Equatorial Guinea,100,1579983826,41,1.63,11.31,70.68,2.08
432,matara,Sri Lanka,72,1579983826,88,5.95,80.54,71.91,5.41
433,kibala,Angola,98,1579983826,11,9.11,18.35,68.99,4.65
434,turukhansk,Russian Federation,97,1579983665,94,65.82,87.98,3.76,1.99
435,halifax,Canada,100,1579983789,75,44.65,-63.57,34.0,1.01
436,northam,Australia,89,1579983826,93,51.03,-4.22,46.99,5.99
437,gumdag,Turkmenistan,0,1579983826,53,39.21,54.59,35.4,5.23
438,aklavik,Canada,100,1579983758,92,68.22,-135.01,-14.55,22.3
439,sotouboua,Togo,1,1579983826,11,8.57,0.98,74.48,3.4
440,nichinan,Japan,100,1579983827,99,31.6,131.37,50.0,24.07
441,dhidhdhoo,Maldives,100,1579983811,69,6.88,73.1,82.17,4.83
442,znamensk,Russian Federation,100,1579983827,96,48.58,45.73,32.56,20.29
443,saint-joseph,Réunion,90,1579983827,88,-21.37,55.62,77.0,3.36
444,tabou,Côte d'Ivoire,60,1579983827,89,4.42,-7.35,78.87,4.0
445,san jose,Guatemala,75,1579983827,72,37.34,-121.89,66.0,4.45
446,oistins,Barbados,100,1579983533,75,13.07,-59.53,79.21,9.98
447,conde,Brazil,96,1579983827,78,-7.26,-34.91,81.48,7.56
448,tilichiki,Russian Federation,100,1579983827,84,60.47,166.1,24.33,19.57
449,mahajanga,Madagascar,40,1579983828,94,-15.72,46.32,80.6,1.54
450,tahoua,Niger,6,1579983828,8,14.89,5.27,70.66,12.91
451,henties bay,Namibia,0,1579983651,92,-22.12,14.28,64.99,5.01
452,glens falls,United States,90,1579983828,88,43.31,-73.64,42.01,5.82
453,keti bandar,Pakistan,0,1579983828,83,24.14,67.45,69.89,9.66
454,krasnyy chikoy,Russian Federation,0,1579983828,90,50.36,108.75,0.9,1.86
455,ornskoldsvik,Sweden,100,1579983828,97,63.29,18.72,27.82,5.59
456,ust-tsilma,Russian Federation,100,1579983828,98,65.44,52.15,-4.97,3.83
457,barillas,Guatemala,79,1579983828,80,15.8,-91.32,62.26,5.32
458,havoysund,Norway,94,1579983829,84,71.0,24.66,23.4,31.52
459,wewak,Papua New Guinea,69,1579983829,91,-3.55,143.63,77.0,4.21
460,merauke,Indonesia,68,1579983829,91,-8.47,140.33,75.52,3.31
461,banff,Canada,52,1579983829,47,51.18,-115.57,42.01,11.01
462,rio gallegos,Argentina,100,1579983829,46,-51.62,-69.22,57.9,34.78
463,smithers,Canada,97,1579983636,95,54.78,-127.17,30.31,3.76
464,mudgee,Australia,0,1579983829,97,-32.59,149.59,69.01,3.62
465,kempsey,Australia,6,1579983850,91,-31.08,152.83,75.99,1.99
466,jacareacanga,Brazil,100,1579983850,93,-6.22,-57.75,79.57,1.45
467,namatanai,Papua New Guinea,100,1579983872,77,-3.67,152.43,82.8,11.83
468,da nang,Viet Nam,100,1579983872,93,16.07,108.22,68.09,1.88
469,arlit,Niger,22,1579983872,8,18.74,7.39,72.5,12.33
470,sawakin,Sudan,8,1579983872,72,19.11,37.33,71.56,23.91
471,celestun,Mexico,0,1579983872,80,20.87,-90.4,73.9,21.88
472,acapulco,Mexico,7,1579983872,51,16.86,-99.89,83.28,9.15
473,mumford,Ghana,72,1579983872,68,5.26,-0.76,76.26,3.87
474,jaciara,Brazil,3,1579983872,73,-15.97,-54.97,85.71,2.95
475,conceicao do araguaia,Brazil,100,1579983872,80,-8.26,-49.26,83.46,3.04
476,bogotol,Russian Federation,100,1579983872,88,56.21,89.53,18.9,6.62
477,moose factory,Canada,100,1579983873,96,51.26,-80.61,29.05,8.95
478,vostok,Russian Federation,0,1579983873,88,46.49,135.88,-13.58,5.39
479,flin flon,Canada,100,1579983873,94,54.77,-101.86,24.91,6.6
480,olafsvik,Iceland,100,1579983873,79,64.89,-23.71,35.91,13.38
481,pagudpud,Philippines,98,1579983873,93,18.56,120.79,68.65,3.27
482,shimoda,Japan,100,1579983873,92,34.67,138.95,39.0,1.99
483,goderich,Sierra Leone,100,1579983873,92,43.75,-81.72,37.0,4.0
484,coruripe,Brazil,98,1579983873,82,-10.13,-36.18,81.36,19.42
485,santa fe,Cuba,0,1579983873,28,-31.63,-60.7,98.01,7.0
486,mathbaria,Bangladesh,0,1579983874,51,22.29,89.96,56.84,3.04
487,cururupu,Brazil,100,1579983874,82,-1.83,-44.87,80.65,3.89
488,bac lieu,Viet Nam,100,1579983874,96,9.29,105.72,70.86,2.53
489,aberfeldy,United Kingdom,100,1579983874,89,56.62,-3.86,45.0,1.99
490,hoquiam,United States,94,1579983874,99,46.98,-123.89,53.01,1.99
491,charters towers,Australia,100,1579983874,85,-20.1,146.27,76.26,5.88
492,magadan,Russian Federation,100,1579983760,88,59.57,150.8,-3.6,18.45
493,mountain home,United States,100,1579983874,90,43.13,-115.69,44.01,8.99
494,cabedelo,Brazil,71,1579983864,79,-6.98,-34.83,81.37,9.35
495,zyryanka,Russian Federation,100,1579983875,96,65.75,150.85,-29.2,6.55
496,antofagasta,Chile,35,1579983837,49,-23.65,-70.4,72.0,5.41
497,san juan,United States,0,1579983875,17,-31.54,-68.54,100.31,12.08
498,fortuna,United States,100,1579983875,83,40.6,-124.16,63.0,8.01
499,palmer,United States,90,1579983875,81,42.16,-72.33,44.6,13.87
500,aviles,Spain,12,1579983875,81,43.55,-5.92,51.01,1.99
501,agadez,Niger,56,1579983875,12,19.75,10.25,62.2,4.76
502,tota,Colombia,100,1579983875,88,5.56,-72.99,55.11,1.5
503,punata,"Bolivia, Plurinational State of",20,1579983876,21,-17.55,-65.84,82.4,11.41
504,nata,Botswana,1,1579983876,33,8.33,-80.52,82.99,5.99
505,altay,China,55,1579983876,54,47.87,88.12,12.52,5.26
506,san patricio,Mexico,58,1579983876,65,19.22,-104.7,79.16,7.52
507,lokoja,Nigeria,4,1579983876,12,7.8,6.74,76.05,2.59
508,xuanhua,China,0,1579983876,75,40.61,115.04,17.1,1.74
509,shache,China,28,1579983876,73,38.42,77.24,21.42,3.87
510,pacific grove,United States,33,1579983590,81,36.62,-121.92,64.99,1.01
511,totness,Suriname,82,1579983876,79,5.88,-56.32,79.9,15.43
512,taltal,Chile,1,1579983877,71,-25.4,-70.48,72.03,5.35
513,botucatu,Brazil,52,1579983877,65,-22.89,-48.45,74.82,4.23
514,te anau,New Zealand,80,1579983877,83,-45.42,167.72,57.56,1.66
515,yaan,China,57,1579983877,11,7.38,8.57,75.13,5.37
516,amapa,Brazil,98,1579983877,93,1.0,-52.0,77.95,4.14
517,egvekinot,Russian Federation,71,1579983877,96,66.32,-179.17,-6.3,0.63
518,khoy,"Iran, Islamic Republic of",0,1579983877,65,38.55,44.95,13.26,1.81
519,jalingo,Nigeria,49,1579983877,11,8.88,11.37,70.7,6.15
520,inta,Russian Federation,94,1579983878,98,66.03,60.17,-4.88,1.66
521,mantua,Cuba,90,1579983585,100,45.17,10.78,45.0,2.24
522,empangeni,South Africa,4,1579983878,82,-28.76,31.89,77.0,25.5
523,oromocto,Canada,100,1579983878,86,45.84,-66.48,30.99,3.0
524,omsukchan,Russian Federation,100,1579983878,99,62.53,155.8,-32.66,9.73
525,sola,Vanuatu,65,1579983713,79,-13.88,167.55,82.24,15.39
526,suhut,Turkey,0,1579983878,48,38.53,30.55,30.97,6.08
527,rocha,Uruguay,0,1579983878,48,-34.48,-54.33,75.42,12.66
528,falun,Sweden,100,1579983878,87,60.6,15.63,37.99,1.99
529,vilyuysk,Russian Federation,95,1579983878,96,63.76,121.62,-31.67,9.78
530,werda,Botswana,58,1579983879,51,-25.27,23.28,77.77,16.53
531,malabo,Equatorial Guinea,20,1579983690,88,3.75,8.78,80.6,4.7
532,belmonte,Brazil,100,1579983879,88,-15.86,-38.88,76.64,2.13
533,stettler,Canada,0,1579983879,64,52.32,-112.72,39.0,1.99
534,popondetta,Papua New Guinea,100,1579983879,84,-8.75,148.25,74.91,2.66
535,galveston,United States,100,1579983744,72,29.37,-94.97,64.99,4.0
536,sherbakul,Russian Federation,98,1579983879,90,54.63,72.4,10.04,15.5
537,bocaiuva,Brazil,100,1579983879,93,-17.11,-43.81,70.74,7.0
538,moerai,French Polynesia,67,1579983880,78,-22.43,-151.33,80.71,9.53
539,san-pedro,Côte d'Ivoire,13,1579983880,86,4.75,-6.64,82.17,11.45
540,sinnamary,French Guiana,56,1579983880,82,5.38,-52.95,80.01,18.14
541,hay river,Canada,47,1579983880,93,60.82,-115.8,15.28,6.15
542,daru,Papua New Guinea,93,1579983880,94,-9.08,143.21,75.72,2.44
543,sechura,Peru,23,1579983880,82,-5.56,-80.82,75.58,14.58
544,mangan,India,0,1579983880,35,27.52,88.53,31.24,4.72
545,dobarlau,Romania,80,1579983880,84,45.73,25.88,35.01,7.65
546,katherine,Australia,100,1579983879,91,-14.47,132.27,76.1,7.38
547,jamsa,Finland,31,1579983881,94,61.86,25.19,25.0,3.76
